{"posicion":{"x":-40.33750915527344,"y":-5.677169322967529,"z":0.0},"vida":3,"savedKnifes":0.0}